CASEID,weight,wdtotal,wdprmor,fmsz27,nbear27,dvfcrn, atinc27 ,wdstcred,wdsloan,wnetwpg,dvphlv2g,hcsex_r,wdstomor,wdstloc,ecpage,ecfexchr,watotpt
1,2450.4593,191500,145000,2,2,1,65525,0,1000,59700,4,2,0,25000,28,0,246700
2,5069.2895,76750,67500,2,0,2,36050,0,0,384000,2,1,0,9250,70,0,460750
3,6207.596,194750,180000,5,2,1,87925,350,0,143450,4,1,0,3900,39,2200,338200
4,139.8457,150500,140000,5,3,1,107025,0,0,447750,3,1,0,10500,46,0,568250
5,242.2337,220000,150000,5,2,1,353550,0,0,1976000,4,1,0,70000,41,0,2141000
6,5091.9419,80000,80000,5,2,3,115675,0,0,561000,3,1,0,0,42,10000,631000
7,3477.7083,59500,50000,2,1,1,76625,0,0,561250,4,1,0,9500,51,0,600750
8,4205.7267,231000,230000,4,1,1,43475,1000,0,179825,2,1,0,0,29,0,410825
9,6715.3125,204000,160000,4,1,3,41500,0,44000,87000,4,1,0,0,35,0,291000
10,3829.2481,115000,115000,5,2,2,89825,0,0,1573400,4,1,0,0,41,0,1688400
11,5829.6596,74750,65000,1,1,1,99700,3000,0,181950,4,1,0,6750,41,4500,257700
12,157.9644,11500,11500,3,2,1,140525,0,0,2041850,4,1,0,0,59,0,2053350
13,5877.9577,193000,190000,4,1,1,28950,3000,0,412250,2,1,0,0,44,0,605750
14,5147.5797,124500,100000,2,2,2,50100,0,0,279000,2,1,0,9500,55,0,383500
15,1700.3961,97375,92500,1,1,2,51400,4000,0,134675,3,1,0,0,52,0,231050
16,5654.8445,128000,110000,2,2,1,67175,2000,0,284500,3,2,0,16000,30,0,403500
17,4406.3508,675000,675000,4,1,1,126000,0,0,379500,4,1,0,0,43,0,1050750
18,2941.351,42450,31000,2,1,1,54325,450,0,187050,3,1,0,11000,45,7250,216000
19,4618.7228,93550,60000,4,3,3,45400,300,19500,209700,2,2,0,6750,49,0,303250
20,3914.304,47000,40000,3,2,1,40875,7000,0,59000,2,2,0,0,46,0,104500
21,2616.3144,100000,80000,4,2,3,46250,20000,0,149101,3,1,0,0,33,0,249101
22,74.9098,411000,390000,4,1,1,204175,0,0,1780000,4,2,0,0,44,23000,2191000
23,4892.1253,267000,190000,4,3,2,93775,0,37000,174700,4,1,0,0,28,0,441700
24,56.1295,552750,500000,3,3,2,158375,5250,0,2058350,4,1,0,47500,43,0,2521100
25,3318.9973,210000,210000,3,2,3,136850,0,0,318000,4,1,0,0,32,7250,504500
26,5340.7095,170000,170000,5,1,2,49300,0,0,367500,4,1,0,0,38,0,540000
27,314.3657,218250,185000,4,2,1,93725,9500,0,156751,3,1,0,15500,38,1750,374001
28,6978.912,220000,210000,4,1,1,33575,0,0,246250,3,2,0,10000,41,0,466250
29,6086.0138,229000,210000,3,2,1,72925,0,0,190000,3,1,0,0,31,0,419000
30,161.8652,21000,21000,1,0,1,33400,0,0,1097001,2,2,0,0,68,0,1118001
31,4740.7756,221750,200000,4,2,3,62925,8750,0,111300,2,1,0,13000,35,5500,333150
32,3780.7381,120250,95000,4,3,2,117500,0,5250,344600,4,2,0,0,48,0,444850
33,139.3551,487500,410000,5,3,3,174875,15000,0,1112551,4,2,0,47500,45,6750,1600051
34,65.0627,419500,410000,5,3,3,737825,0,0,4578000,4,1,0,0,58,0,4997500
35,4155.0694,141175,95000,1,1,1,67175,5500,0,93175,3,1,0,675,33,0,227850
36,71.1704,110000,110000,4,2,2,110200,0,0,1308500,3,1,0,0,45,5750,1338500
37,2778.804,86500,55000,3,0,2,25000,5000,0,115350,3,1,0,8000,71,0,201850
38,2422.9283,105000,95000,3,2,3,71700,0,0,219250,3,1,0,0,35,0,322750
39,7841.9467,156200,155000,2,2,1,85675,1200,0,266300,3,1,0,0,30,0,420000
40,3533.4173,43250,35000,1,0,1,24625,0,0,355700,2,1,0,8250,74,0,403950
41,2782.6376,43000,43000,1,1,9,30300,0,0,92576,2,1,0,0,46,0,135576
42,3419.6455,111000,105000,4,2,1,36725,6000,0,31326,3,2,0,0,36,800,142326
43,4455.7064,254500,240000,4,2,2,58350,0,0,209250,2,1,0,0,50,9000,463750
44,235.6042,54250,39000,4,1,3,273050,10500,0,1310250,4,1,0,4750,59,0,1339500
45,2798.495,30250,30000,2,2,1,74350,0,0,611000,4,1,0,250,47,0,611250
46,6940.6872,224250,190000,3,2,2,87275,9500,0,70000,2,1,0,0,38,7500,294250
47,3248.8646,47500,47500,1,0,9,25575,0,0,208555,1,1,0,0,70,0,251055
48,5556.7759,349100,310000,2,1,2,68650,0,37000,173855,4,1,0,2100,34,550,507955
49,3913.1086,59900,57500,4,1,3,37325,2400,0,225050,1,1,0,0,45,0,284950
50,3426.7818,214100,210000,4,3,2,66875,0,4100,110475,4,1,0,0,51,0,324575
51,3925.6793,66850,47000,2,2,1,59425,11000,0,246625,1,1,0,4750,56,0,298475
52,2962.5252,151900,100000,2,2,2,70675,0,0,882100,4,1,0,50000,59,0,959000
53,4601.1537,61700,57500,1,1,1,48525,1200,0,267550,4,1,0,0,49,0,329250
54,6916.3335,307500,290000,3,2,1,82875,0,0,243350,4,1,0,0,40,0,537850
55,146.3341,750000,750000,5,3,1,339300,0,0,671950,4,1,0,0,47,0,1421950
56,7161.1569,95125,85000,4,2,3,81625,125,0,1207326,4,2,0,10000,31,15000,1298851
57,4457.9537,291500,270000,4,2,2,88675,4000,0,261751,3,1,0,0,44,6000,553251
58,3557.4245,132250,110000,2,1,3,35725,4000,5750,125750,3,2,0,12500,42,0,258000
59,3287.0472,48000,48000,5,1,9,75600,0,0,122950,2,1,0,0,39,0,175950
60,6146.9441,120400,105000,4,2,2,75300,900,14500,45550,2,1,0,0,29,2100,163150
61,100.6508,220000,220000,3,2,2,93300,0,0,576000,4,1,0,0,59,0,796000
62,1122.9563,82100,55000,2,2,2,43225,1100,0,95275,3,1,0,0,28,0,166875
63,1811.9928,236000,220000,3,2,3,46600,9000,0,60225,2,1,0,7000,40,1950,287225
64,2837.9543,32700,31000,3,2,9,71600,0,0,155950,1,1,0,0,48,0,188650
65,7089.9688,81700,77500,2,1,2,2050,1250,0,335000,3,1,0,2300,47,3500,416700
66,4575.2926,57250,42000,5,3,2,93175,3500,5750,609750,2,1,0,6000,48,0,634500
67,820.2462,43100,30000,3,2,3,72500,3100,0,262150,1,1,0,10000,55,0,302750
68,7827.6197,179100,165000,1,1,1,49825,4500,4800,76150,4,1,0,0,39,0,255250
69,6239.6061,159500,150000,3,2,1,67100,0,0,138750,2,1,0,0,34,3600,298250
70,4126.2419,141500,70000,4,3,1,69625,0,55000,212150,4,2,0,16500,52,0,353650
71,4357.6153,173000,125000,2,1,2,29000,0,0,278600,1,1,0,19000,54,0,451600
72,5547.0024,55000,55000,1,1,9,36875,0,0,225000,2,2,0,0,63,0,280000
73,1214.0249,48000,48000,2,2,9,56800,0,0,239001,2,2,0,0,55,0,289501
74,3275.3983,91050,25000,4,3,3,130100,0,0,937500,4,1,0,14500,47,0,908550
75,4409.7239,103250,57500,4,1,1,38500,6250,0,62200,2,1,0,0,35,0,165450
76,4410.882,290500,270000,4,3,1,158225,0,0,452275,4,2,0,0,43,0,740625
77,3291.9874,57500,57500,2,2,9,10950,0,0,3250,3,1,0,0,38,1500,60750
78,5799.9424,255000,240000,4,1,2,62225,0,0,116400,4,1,0,0,38,0,369500
79,7343.6317,85000,50000,3,2,2,30175,8500,0,168836,3,1,0,14500,49,0,253836
80,752.7602,117500,60000,3,3,2,94525,0,0,3301000,4,2,0,0,51,0,3418500
81,256.7097,331500,270000,4,2,1,91050,31000,0,321050,4,1,0,11500,45,9000,647550
82,4213.5501,93750,92500,2,2,3,83400,0,0,188550,3,1,0,1250,29,0,278050
83,5605.2381,182000,155000,4,2,3,60250,19000,0,62175,4,1,0,8000,52,4500,243925
84,4917.9195,209000,185000,2,2,1,104150,0,0,282000,3,1,0,0,35,0,474000
85,4496.0682,92500,82500,2,2,2,56150,1500,0,189000,3,1,0,0,29,0,281500
86,3113.3526,49350,47500,2,2,1,62500,1850,0,225801,4,1,0,0,44,725,275151
87,3509.0312,68000,60000,5,3,2,64450,0,8000,166325,3,1,0,0,56,0,234325
88,6226.1353,205000,190000,3,1,2,60900,0,0,160600,4,1,0,5000,35,0,364400
89,6525.659,156800,135000,4,2,2,72400,550,0,85275,4,1,0,5250,34,2500,236575
90,4872.8093,157100,155000,5,2,3,98925,0,0,152500,3,1,0,2100,45,0,309600
91,255.0764,290000,290000,2,2,2,176025,0,0,626000,2,1,0,0,33,0,916000
92,3983.6712,81750,60000,3,3,3,71150,5250,0,429350,2,2,0,16500,56,0,511100
93,1845.2422,164425,120000,4,3,2,64475,3700,0,138625,1,1,0,40000,47,0,285050
94,6508.7142,154500,115000,2,2,2,71725,16000,0,107001,4,2,0,2500,28,5000,263501
95,2379.3338,79000,60000,1,1,1,41375,0,0,113500,2,2,0,0,54,0,191500
96,4675.0327,95225,95000,3,3,2,35075,225,0,218275,2,1,0,0,52,0,313500
97,11410.4707,112100,87500,2,2,1,138350,2100,0,186550,2,2,0,15500,39,4700,298650
98,135.0914,125000,125000,2,2,2,158375,0,0,3427951,4,1,0,0,66,0,3577951
99,2556.8475,62500,62500,1,1,1,74400,0,0,522400,3,1,0,0,57,0,604900
100,3174.8192,35000,15000,4,2,3,93525,0,0,756400,2,1,0,0,45,0,731400
101,2733.6155,127500,90000,1,1,2,27775,28000,0,250500,2,1,0,9500,50,0,377500
102,3531.6783,54000,21000,5,2,2,96075,0,0,556050,4,1,0,10000,46,0,580050
103,2523.3619,129250,120000,1,1,1,39275,0,0,74775,2,1,0,9250,28,0,204075
104,10518.2617,122500,70000,1,1,1,30275,52500,0,216875,4,2,0,0,69,0,341375
105,6209.5413,77500,77500,4,2,1,70975,0,0,207700,3,1,0,0,35,0,261200
106,518.7008,168500,150000,5,3,3,85375,5000,0,669500,2,1,0,0,38,3700,768000
107,5593.9002,75900,67500,5,2,9,51750,0,0,300,1,2,0,0,45,0,76200
108,2984.6877,121675,120000,1,1,1,35800,1000,0,40350,3,1,0,675,23,0,162025
109,8009.99,176750,100000,3,1,1,70375,11500,5750,167250,2,1,0,7000,41,0,314000
110,4761.8106,143500,105000,2,1,9,47325,12500,0,584450,1,1,0,26000,57,0,727950
111,5796.9066,92500,92500,3,2,1,50050,0,0,108150,3,1,0,0,32,0,197650
112,4601.8608,12000,12000,1,1,3,35025,0,0,704500,2,2,0,0,79,0,716500
113,4720.0377,303250,200000,4,3,2,54300,5750,57500,342250,3,2,0,40000,45,0,645500
114,2473.9412,122000,95000,2,2,2,65825,2000,0,480300,2,1,0,0,50,0,552300
115,1622.5285,184250,175000,4,1,3,58325,9250,0,135225,3,1,0,0,41,0,301475
116,178.0858,124000,100000,2,1,2,178600,0,0,882000,4,1,0,0,39,0,1006000
117,3652.3044,175000,175000,1,1,9,31150,0,0,558000,3,1,0,0,40,0,721000
118,5745.3642,201150,200000,4,2,1,31750,1150,0,330150,2,1,0,0,40,0,531300
119,3437.0875,191500,155000,3,2,3,58000,19000,0,61900,2,1,0,10500,34,0,253400
120,3842.4363,254750,230000,5,3,2,83250,7750,12000,399400,4,2,0,5000,45,0,664150
121,1406.9801,85100,70000,2,0,3,34475,7250,0,746750,1,1,0,3100,66,0,831850
122,5386.6988,153900,150000,2,2,1,66650,0,3900,86350,3,1,0,0,26,0,240250
123,3971.2889,41950,38000,4,3,1,69150,750,1450,275900,3,1,0,500,59,0,322850
124,5109.4666,140000,140000,2,2,1,60350,0,0,104050,4,1,0,0,35,0,239300
125,8168.7436,143800,130000,4,2,1,64775,800,0,175325,3,1,0,0,46,0,319125
126,46.4108,145000,145000,4,2,1,77950,0,0,677250,4,1,0,0,41,0,772250
127,4109.6366,137250,125000,4,2,2,73725,1750,0,125500,1,1,0,10500,29,0,262750
128,5824.7939,145000,145000,4,0,2,6000,0,0,380500,2,2,0,0,34,0,525500
129,4596.3886,181750,95000,4,2,3,110275,20000,0,442750,4,1,0,60000,44,0,539500
130,5293.7909,652100,575000,4,2,2,47600,4600,0,290751,3,1,0,72500,44,0,942951
131,1705.2542,108750,100000,2,2,2,68975,0,0,325500,2,1,0,0,40,7000,379250
132,5699.541,41000,41000,2,2,1,80400,0,0,394000,2,1,0,0,34,0,435000
133,2892.4035,170000,170000,4,2,1,62825,0,0,188800,4,1,0,0,43,0,358800
134,5318.5427,191000,145000,4,3,2,61375,0,0,517501,4,1,0,46000,46,0,708501
135,1463.6387,105000,105000,1,1,1,45125,0,0,94950,2,2,0,0,34,0,198600
136,4701.6149,168500,125000,3,3,3,51800,8000,8000,66500,4,2,0,10000,47,0,235000
137,4160.5478,288250,220000,4,3,2,47650,18000,0,272751,4,2,0,45000,48,0,558001
138,5479.1276,184000,125000,4,2,1,82225,19000,0,474001,3,1,0,40000,48,0,659001
139,4646.5997,87500,87500,4,2,1,69175,0,0,154050,4,1,0,0,42,10000,238300
140,4626.2393,67500,67500,5,2,9,70700,0,0,31811,2,1,0,0,28,1200,99311
141,4576.0198,77500,77500,4,0,1,31750,0,0,297900,4,1,0,0,42,0,375400
142,3396.123,57500,57500,4,1,1,62500,0,0,361200,3,1,0,0,43,0,417700
143,120.5313,307250,300000,4,1,1,117775,0,0,863250,4,1,0,0,46,0,1105500
144,3453.4468,147075,120000,3,2,2,59225,2800,0,61526,3,1,0,275,21,0,206801
145,2878.1702,46000,46000,4,2,1,86275,0,0,192750,3,1,0,0,41,0,238750
146,3131.0671,35900,9000,3,2,3,87775,0,0,435100,2,1,0,3900,47,0,446000
147,232.9687,104550,100000,3,2,1,85600,1050,0,290700,4,1,0,0,36,0,382750
148,5088.6767,61500,46000,3,2,2,97450,4000,0,745800,3,1,0,11500,39,10500,759800
149,51.1573,625000,500000,4,3,3,194775,0,0,1498000,4,1,0,125000,60,0,2123000
150,6187.7454,323000,310000,5,2,1,159125,5000,0,682002,4,1,0,8000,42,11500,935002
151,3118.4508,60000,60000,5,3,2,47675,0,0,212251,2,1,0,0,45,0,272251
152,5161.5619,120000,120000,4,3,2,37125,0,0,124750,4,2,0,0,40,0,244750
153,6935.4797,60900,30000,4,2,1,50550,3900,0,72125,3,1,0,17000,31,3600,120525
154,3854.2535,205750,175000,4,1,1,36675,6750,0,54650,2,1,0,24000,52,0,260400
155,4179.9243,99500,87500,4,2,9,71400,0,0,123500,2,1,0,0,38,825,223000
156,6297.2539,145000,145000,3,1,1,83100,0,0,373500,4,1,0,0,40,5000,484500
157,6389.5899,95500,75000,1,1,1,47000,11500,0,169800,1,2,0,0,38,0,232800
158,3510.0976,189750,145000,4,1,1,69550,16000,4750,493225,4,2,0,9500,48,0,632975
159,5474.2407,44000,39000,5,3,3,75750,5000,0,655500,2,1,0,0,44,0,594500
160,3824.6572,247750,150000,4,3,2,92950,8250,0,247100,3,1,0,47500,45,0,494850
161,4328.8292,80500,50000,4,2,3,70250,15500,0,149350,2,1,0,0,38,1500,229850
162,6506.3129,148900,145000,1,1,1,26875,3900,0,43651,3,2,0,0,57,0,192551
163,4806.2041,151800,120000,4,2,2,71425,4800,6000,70700,4,1,0,9000,43,5250,221500
164,203.6904,455000,410000,4,3,3,538950,15000,0,4013500,4,1,0,30000,46,0,4438500
165,5942.3897,83750,49000,3,2,3,38850,19500,9000,75800,4,1,0,0,29,0,159550
166,2026.0269,175500,125000,4,3,2,84800,4500,0,254601,3,2,0,46000,42,0,409101
167,2415.8431,180000,180000,3,2,2,67975,0,0,232400,4,2,0,0,31,5750,456900
168,212.2704,385750,380000,5,3,2,388175,0,5750,1469250,3,2,0,0,40,0,1720000
169,3878.5239,350500,300000,5,3,2,135375,10500,0,236501,4,1,0,0,43,0,583501
170,4012.6197,198125,190000,4,3,3,86825,125,0,254100,2,1,0,8000,43,0,433225
171,3726.6952,172750,165000,4,3,1,66425,0,0,62875,2,1,0,2000,40,0,232625
172,2580.1793,68200,60000,2,1,3,29550,3200,0,34750,2,2,0,5000,47,0,102950
173,2616.4267,3000,3000,1,1,9,9350,0,0,696550,2,2,0,0,60,0,699550
174,4658.9788,217000,180000,2,2,3,78000,37000,0,265900,2,2,0,0,37,0,466900
175,9836.3611,55100,38000,1,1,1,23725,1100,0,97425,2,2,0,0,41,0,152525
176,3256.5716,260000,260000,4,2,1,50425,0,0,197500,4,2,0,0,53,0,457500
177,9767.0082,63500,39000,1,1,9,33600,0,0,46300,3,2,0,0,35,0,109800
178,3117.8145,164500,150000,2,1,9,64600,0,0,266925,3,1,0,0,58,0,426425
179,3065.1092,168750,130000,5,3,3,74700,15500,8250,172550,3,1,0,15000,51,0,341300
180,235.8269,331000,330000,3,2,2,109800,0,0,894900,4,2,0,0,45,0,1185900
181,5613.4628,100000,100000,3,2,3,118750,0,0,359150,4,1,0,0,39,5750,455150
182,2460.2521,117150,92500,1,1,1,49250,4100,0,64350,3,2,0,5750,42,0,167500
183,2912.3104,173000,135000,4,2,2,49575,0,0,175000,3,2,0,38000,44,2000,348000
184,37.9616,166500,155000,2,1,2,93325,11500,0,280025,4,1,0,0,59,0,446525
185,6233.1926,236000,190000,3,2,3,24925,0,0,206000,4,2,0,14000,31,0,442000
186,5861.4888,140000,140000,2,2,1,88500,0,0,506000,3,1,0,0,31,0,630000
187,12362.1263,228500,110000,3,2,1,69825,8500,0,397800,2,2,0,50000,40,0,626300
188,2636.4823,182500,170000,4,3,1,148100,0,0,2497250,2,1,0,0,51,0,2679750
189,4691.5064,287500,230000,2,2,2,88200,5000,11500,203500,3,1,0,1000,34,7000,476000
190,5352.8306,308500,240000,3,3,3,65925,13000,0,198800,3,1,0,15500,53,0,492300
191,4698.6279,103050,90000,4,2,3,90725,8250,0,155470,1,1,0,0,32,0,258520
192,6166.3065,160000,160000,3,1,1,20525,0,0,56800,2,2,0,0,34,0,216800
193,6306.0314,132100,105000,3,2,3,60700,18500,3100,386600,2,1,0,5500,65,0,538700
194,3394.5231,122250,75000,5,3,3,98900,10250,3000,329450,3,1,0,1500,45,0,431700
195,276.4912,230000,230000,3,1,2,63925,0,0,2166500,4,2,0,0,44,2100,2356500
196,3975.765,97000,95000,2,2,3,53900,0,0,133251,4,1,0,2000,28,0,230251
197,4540.2022,320500,310000,2,2,1,130025,0,0,706300,4,2,0,0,34,0,1029300
198,4957.3232,99050,72500,2,2,3,47525,1050,0,248050,1,1,0,12500,58,0,347100
199,4202.7448,50000,50000,5,2,1,153800,0,0,317000,4,1,0,0,38,9000,367000
200,1262.2628,210000,210000,1,1,2,43775,0,0,181600,1,1,0,0,75,0,391600
201,2776.5049,244250,110000,1,1,1,1150,7750,0,-94149,4,2,0,11500,44,0,150101
202,6112.4973,173250,85000,3,3,2,91900,37000,0,105100,4,2,0,9250,53,0,278350
203,3800.0577,97800,97500,2,1,2,48450,300,0,887950,3,1,0,0,59,0,935750
204,3273.7935,352000,200000,4,3,3,66375,20000,0,397800,2,2,0,130000,39,0,704800
205,3860.3199,43000,43000,4,3,3,80150,0,0,847750,4,1,0,0,56,0,865750
206,6376.2126,95000,95000,4,1,2,95425,0,0,413900,4,1,0,0,34,0,508900
207,2935.624,55000,55000,2,1,2,38025,0,0,198775,1,1,0,0,70,0,253775
208,4647.0784,77500,77500,4,1,9,44275,0,0,77975,2,1,0,0,44,0,155475
209,4006.9636,186800,120000,2,2,2,92350,38000,3900,205200,2,1,0,20000,36,0,392000
210,4915.5213,242000,170000,5,3,3,115575,4500,0,384100,2,1,0,67500,50,0,646100
211,611.913,111000,50000,2,2,2,73775,14000,0,399000,3,1,0,44000,56,0,500000
212,3716.9337,25000,25000,3,2,3,92050,0,0,1127001,4,1,0,0,51,0,1122001
213,2649.8825,160000,160000,1,1,9,37400,0,0,22450,2,1,0,0,35,0,182450
214,59.599,663000,550000,4,3,3,105025,0,0,584500,1,1,0,105000,42,0,1247500
215,331.8757,240000,240000,1,1,1,106125,0,0,660250,4,1,0,0,39,11500,900250
216,2069.5031,40500,16500,2,2,1,58450,0,0,438600,1,1,0,0,51,0,479100
217,176.8128,24000,24000,2,0,1,110325,0,0,3580500,4,1,0,0,77,0,3604500
218,200.3146,200000,200000,5,3,2,165650,0,0,967001,4,2,0,0,45,21000,1152001
219,4411.6425,111000,62500,5,2,3,106225,10000,0,474000,3,1,0,24000,41,700,571000
220,4783.0917,219000,200000,5,3,1,22300,0,19000,102601,2,1,0,0,55,0,321601
221,214.6868,340000,210000,4,3,3,287175,10000,0,4390750,4,1,0,120000,64,13000,4730750
222,3495.1005,70000,40000,2,2,2,51800,0,0,1363000,3,2,0,0,56,0,1433000
223,198.259,367500,300000,1,1,1,76550,0,0,573500,4,1,0,67500,31,0,941000
224,1452.229,161000,130000,2,2,1,81725,12000,0,261250,3,1,0,9500,48,5250,407250
225,4731.0268,115000,105000,3,3,3,129800,0,0,685650,2,1,0,10000,56,0,780650
226,133.1025,175000,175000,4,1,3,83300,0,0,1072750,4,1,0,0,40,0,1247700
227,4582.0187,91000,43000,5,3,1,115625,4000,15000,385150,3,1,0,11500,47,1850,443650
228,3617.3135,198000,155000,4,3,2,68200,3500,0,145900,3,1,0,21000,46,0,338900
229,213.1395,172000,87500,5,2,3,117150,2000,0,875055,4,1,0,82500,50,11000,1007055
230,3093.4484,8375,8000,2,1,1,35975,50,0,414876,1,2,0,0,59,0,423251
231,3323.1537,36500,24000,3,3,2,38150,0,12500,137750,2,2,0,0,49,0,174250
232,3828.6375,33825,33000,2,2,1,57575,825,0,512275,4,2,0,0,34,4500,545100
233,53.0331,125000,125000,4,2,1,287000,0,0,2485400,2,1,0,0,68,0,2610400
234,3434.13,66000,40000,4,3,2,84725,0,0,471500,3,1,0,26000,47,0,522500
235,7727.8115,197300,195000,3,1,3,79125,0,0,198951,3,2,0,2300,30,825,395751
236,6017.277,108000,100000,2,2,3,76875,8000,0,481000,2,2,0,0,52,0,606500
237,278.9816,241900,210000,4,2,2,132625,1900,0,200850,4,2,0,0,32,4100,440250
238,145.1593,88000,85000,4,2,3,110650,3000,0,937000,4,1,0,0,48,0,1040000
239,4235.1168,158000,130000,4,2,3,78375,12000,3000,638200,3,1,0,13000,46,17500,806200
240,4398.4672,61500,29000,4,2,1,123275,9500,0,721750,4,1,0,10000,39,3900,758250
241,4638.6686,123500,110000,2,2,1,63625,5750,0,327850,2,2,0,0,56,0,451350
242,4664.4447,291900,290000,3,3,1,105550,1900,0,14370,4,2,0,0,51,0,306270
243,5262.0377,200000,200000,1,1,9,42575,0,0,11700,1,1,0,0,41,0,210700
244,4759.7696,185225,165000,4,2,3,85075,225,0,306225,3,1,0,20000,44,0,490450
245,4430.1119,87825,65000,3,2,3,43750,825,0,315175,3,2,0,0,46,0,403000
246,4371.6204,410000,410000,5,2,2,97250,0,0,473250,4,1,0,0,41,12500,883250
247,220.5367,103200,85000,3,3,2,122550,2200,0,938800,3,1,0,0,53,0,1043000
248,4697.6439,78550,72500,5,2,2,42450,5000,0,64300,3,1,0,1050,37,575,142850
249,5686.2167,44050,43000,1,1,1,19975,1050,0,203350,2,2,0,0,64,0,249900
250,5647.9677,240000,175000,3,3,3,73175,41000,0,313501,2,1,0,0,60,0,558501
251,3673.7316,50000,50000,4,2,2,84675,0,0,472000,3,1,0,0,37,0,522000
252,401.3166,79125,55000,2,2,1,80450,875,0,434551,3,1,0,8250,48,0,523676
253,4477.9789,227000,190000,3,2,3,46400,37000,0,112000,4,2,0,0,38,0,339000
254,3390.2869,216800,175000,5,2,3,43850,4400,14000,77200,4,2,0,3400,35,7250,294000
255,5684.8696,152300,145000,2,1,2,39300,4000,3300,597200,3,1,0,0,65,0,739500
256,4784.1038,75500,67500,5,1,2,49675,0,0,60700,3,1,0,8000,28,0,136200
257,4906.5976,122950,97500,3,3,2,72350,0,7000,196550,3,1,0,10500,47,0,319500
258,4128.9623,219550,180000,5,3,2,94850,1050,19000,169450,3,2,0,19500,49,0,378000
259,4481.9798,235275,95000,4,1,2,44750,1850,57500,744275,4,2,0,80000,46,450,979550
260,2456.1113,111900,105000,2,2,1,66075,3900,0,237150,2,1,0,3000,52,0,349050
261,290.2228,409000,390000,4,2,3,238450,19000,0,8204250,4,1,0,0,38,21000,8602250
262,6133.6356,92500,92500,2,2,3,341800,0,0,1253500,4,1,0,0,35,0,1241000
263,253.3398,534000,490000,4,2,2,76350,0,0,3274001,4,1,0,44000,52,0,3808001
264,6092.9629,94500,60000,3,2,1,76150,0,0,216900,3,1,0,18000,29,0,307400
265,1396.4281,62500,62500,1,1,9,4625,0,0,52600,1,2,0,0,58,0,115100
266,1556.6805,30000,15500,1,1,2,49925,14500,0,454200,3,1,0,0,53,4800,444200
267,4185.0071,118750,95000,5,3,2,130950,2500,4750,60700,3,2,0,16500,48,0,172250
268,4029.7601,185000,185000,3,2,2,43750,0,0,108075,4,1,0,0,43,0,293075
269,1133.1894,67200,46000,3,3,3,62325,1200,0,658800,2,2,0,0,46,0,726000
270,4247.4552,298000,175000,5,3,2,64250,46000,8000,63600,4,1,0,40000,52,0,361600
271,4573.6355,60000,60000,3,3,3,72450,0,0,382325,3,1,0,0,54,0,442825
272,6564.822,70000,70000,4,2,2,36650,0,0,3368000,4,2,0,0,38,0,3438000
273,3582.6317,45800,40000,4,3,1,75600,1900,0,638450,3,1,0,0,56,0,664250
274,1536.8752,57500,57500,2,0,3,30000,0,0,808900,1,1,0,0,69,4200,866400
275,5905.3024,224000,27000,4,3,1,29900,0,0,2921425,3,2,0,185000,41,0,3145425
276,1715.8139,86700,82500,1,1,1,46500,0,0,105800,2,1,0,2100,31,0,192500
277,7652.351,92000,82500,4,2,2,139750,0,0,800325,2,1,0,9500,43,23000,892325
278,426.8571,59500,18000,4,3,1,127400,11500,0,763000,3,1,0,30000,46,0,742500
279,4021.461,205750,160000,5,2,2,68050,4750,0,405250,2,1,0,41000,41,5000,611000
280,241.3992,230000,230000,2,2,1,80650,0,0,246050,4,1,0,0,41,0,466050
281,4349.7562,260000,260000,4,2,3,82725,0,0,279901,4,1,0,0,43,10000,539901
282,5526.3584,48000,40000,4,1,2,37025,0,0,260250,2,1,0,8000,38,0,308250
283,188.8348,138500,105000,3,3,1,132675,0,0,729900,4,1,0,14000,48,0,848400
284,480.7481,3900,2000,1,1,9,22750,1900,0,1350,1,2,0,0,40,0,5250
285,207.566,455000,155000,5,2,1,392275,0,0,3672751,4,1,0,300000,47,0,4111751
286,4230.4455,132000,110000,2,1,1,26800,0,0,144500,4,1,0,22000,54,0,276500
287,2403.4497,38750,18500,1,0,2,34775,5750,0,508500,1,1,0,0,64,0,557250
288,2379.3338,11500,10500,1,1,2,66925,1000,0,460500,2,2,0,0,53,0,471250
289,153.4533,300000,300000,2,1,3,56225,0,0,1953000,4,2,0,0,52,0,2253000
290,3121.7047,52850,48000,1,1,1,19075,150,0,52150,3,2,0,4700,55,0,104750
291,3514.0166,57500,57500,2,1,1,30400,0,0,187500,2,1,0,0,66,0,244000
292,565.5191,208000,140000,5,3,1,78100,6000,0,139300,1,1,0,20000,39,2400,302300
293,195.7419,130000,100000,5,3,3,327200,9000,0,1678250,4,1,0,21000,49,0,1808250
294,6169.8169,98200,95000,3,2,1,77875,2200,0,402800,2,1,0,1000,56,0,501000
295,4116.7149,105090,105000,2,2,1,36775,0,0,134160,2,2,0,90,60,0,239250
296,6044.1232,105000,47500,3,3,1,49400,0,0,500750,2,1,0,57500,45,0,605750
297,4535.7404,250000,115000,5,3,1,106750,0,0,240501,3,2,0,135000,32,0,489501
298,10513.0524,40000,37000,1,1,9,22975,0,0,23675,3,1,0,0,31,0,63675
299,2539.2669,64025,62500,3,1,1,29450,1250,0,73925,2,2,0,0,39,0,137950
300,3389.8854,122500,77500,2,2,3,38825,0,0,576001,3,2,0,45000,58,0,698501
301,4757.8367,227150,210000,5,2,1,95025,150,0,547050,3,1,0,17000,38,5500,774200
302,3059.9878,2300,2300,1,0,1,250,0,0,73500,2,2,0,0,21,0,75800
303,1916.6618,42000,21000,4,2,1,141825,0,0,1002000,4,1,0,0,46,0,974000
304,3609.252,206250,105000,3,2,3,79125,10500,0,207750,4,1,0,65000,42,13500,413000
305,2243.816,77750,72500,5,3,1,94025,0,0,224250,3,1,0,0,42,0,287000
306,5688.5595,130000,130000,5,3,2,68575,0,0,572750,1,1,0,0,55,0,702750
307,828.5773,42100,38000,1,1,2,38250,4100,0,108000,3,2,0,0,45,0,127600
308,4836.7898,98225,97500,5,3,9,65525,725,0,379525,3,1,0,0,46,0,477750
309,2236.4245,71500,35000,5,2,2,100575,10500,0,318750,2,1,0,10500,28,0,380250
310,7315.1167,347250,340000,4,2,2,93325,7250,0,211501,4,1,0,0,44,6750,553251
311,6432.6794,31750,26000,1,1,2,18300,0,0,184500,3,1,0,0,42,0,216250
312,212.2849,572500,150000,3,3,2,141775,0,17500,1369251,2,1,0,260000,56,0,1941751
313,3239.0291,35000,29000,2,1,1,53250,0,0,800000,1,2,0,6000,61,0,855000
314,1571.1892,135500,95000,4,2,3,92875,26000,0,68550,2,1,0,14500,45,2300,204050
315,7293.5767,59250,52500,3,1,1,15250,0,0,147151,4,2,0,0,40,600,206401
316,2343.7096,98275,97500,1,1,1,48525,775,0,422225,3,2,0,0,39,0,510500
317,8990.1618,400000,400000,3,2,1,44425,0,0,297325,2,2,0,0,45,0,697125
318,4289.1913,50000,50000,1,1,3,14300,0,0,251501,4,2,0,0,52,0,301501
319,5208.4386,86250,80000,5,3,3,84375,0,0,253900,3,2,0,0,28,0,340150
320,3666.9097,62500,62500,1,0,2,17750,0,0,313250,3,1,0,0,72,0,380750
321,53.1278,202500,82500,5,3,1,143200,0,0,3945700,4,1,0,120000,49,0,4146825
322,44.3618,400000,370000,4,3,2,125825,0,0,2106100,4,1,0,30000,56,0,2456100
323,4716.3283,120400,60000,2,2,9,34300,0,0,9600,2,2,0,0,39,0,130000
324,2259.6998,52250,47500,4,1,1,52600,0,0,311900,3,2,0,4750,48,2200,362150
325,4932.988,109750,90000,5,1,1,44175,0,0,145050,3,1,0,0,27,0,232800
326,238.3064,240000,240000,4,3,3,205825,0,0,1266500,4,1,0,0,52,0,1506500
327,5589.6983,95000,95000,4,1,2,62000,0,0,517250,4,2,0,0,44,0,572250
328,3561.5187,236475,210000,2,2,1,79125,475,5000,111075,4,1,0,0,31,0,340050
329,1912.9622,122500,70000,1,1,2,35675,52500,0,17600,2,2,0,0,68,0,140100
330,139.8856,81500,70000,1,0,1,21800,0,0,943600,4,2,0,11500,71,0,1025100
331,1987.6557,154000,145000,2,2,2,68775,0,1000,240750,2,1,0,0,38,0,344750
332,4111.0195,247900,230000,5,3,2,152400,0,3900,315001,4,1,0,0,48,4100,553901
333,3920.9851,154600,140000,4,1,1,63075,4600,0,183901,4,1,0,0,41,0,336001
334,8172.5086,116150,115000,1,1,1,34000,1150,0,117950,4,1,0,0,29,0,218600
335,3750.2553,50000,50000,2,0,1,42325,0,0,599750,3,1,0,0,79,0,629750
336,4292.5709,101500,60000,5,3,1,68025,8000,0,661501,4,1,0,21000,43,0,763001
337,3197.0058,72500,70000,1,1,2,10175,0,0,171000,2,2,0,2500,53,0,243500
338,3147.9811,82500,72500,1,1,1,32325,0,0,211750,4,2,0,10000,59,0,295250
339,3756.1884,129500,115000,4,3,1,82175,0,0,277025,3,1,0,14500,51,700,381525
340,225.3224,253000,220000,2,2,3,262800,18000,0,1071500,4,1,0,15000,39,0,1299500
341,2153.8371,100000,100000,3,2,1,119625,0,0,298250,4,1,0,0,54,0,398250
342,1713.5483,25825,20000,2,2,1,63375,500,0,306975,2,1,0,525,55,0,312800
343,5615.4918,190000,190000,4,1,1,63175,0,0,205500,4,1,0,0,45,0,395500
344,678.0167,446500,330000,5,2,3,84925,44000,0,56830,4,1,0,57500,38,12000,502830
345,4151.7878,78850,67500,3,3,1,91600,8250,0,211650,2,1,0,0,47,0,290500
346,4763.9108,103000,50000,4,3,1,108900,3000,0,264001,4,1,0,31000,48,0,357001
347,5590.0857,183350,140000,2,2,3,85025,4100,250,47800,3,1,0,11500,25,0,229900
348,4301.466,92000,67500,3,3,1,160200,0,0,967500,4,1,0,9000,50,0,969500
349,5296.3623,153200,110000,3,2,3,36750,1200,0,103100,2,2,0,28000,27,0,256300
350,285.2684,115000,115000,5,2,2,286975,0,0,1647000,4,1,0,0,44,7250,1762000
351,606.5299,295000,270000,3,2,3,92650,1000,7750,117150,4,1,0,8250,33,0,412150
352,700.6536,80600,57500,1,1,1,58150,350,0,63450,3,1,0,0,32,34000,124050
353,4312.9213,57500,57500,3,2,1,67625,0,0,470500,2,2,0,0,59,0,533000
354,3492.674,90000,90000,2,2,1,51200,0,0,227875,2,2,0,0,40,0,317875
355,4258.2084,80100,70000,4,2,2,78325,3100,0,143325,2,1,0,7000,35,1450,212925
356,634.1691,245100,220000,3,2,2,73125,0,0,152401,4,1,0,7000,32,0,397501
357,5442.761,19000,19000,1,0,9,11500,0,0,58650,1,2,0,0,59,0,77650
358,176.8128,210000,210000,2,0,2,70800,0,0,795000,4,1,0,0,80,0,1005000
359,82.3874,410000,410000,4,2,1,459475,0,0,1820500,4,1,0,0,47,12000,2230500
360,4834.8338,169000,150000,5,2,3,37250,0,19000,444500,4,1,0,0,26,0,613500
361,4455.2182,205325,160000,5,3,3,86875,0,0,439150,1,1,0,45000,61,0,644475
362,201.2026,950000,925000,5,2,3,161425,25000,0,1386000,4,1,0,0,46,0,2336000
363,5085.6672,28500,15000,4,1,2,130300,3000,0,700900,4,1,0,0,44,0,729400
364,3956.1099,47500,15000,4,3,3,77225,0,0,543900,2,1,0,1500,46,0,561400
365,4452.7635,121250,115000,1,1,1,45900,0,0,390600,4,1,0,0,48,0,501850
366,285.4298,450000,450000,1,0,2,30050,0,0,612501,4,1,0,0,45,0,1062501
367,4702.506,242750,190000,4,3,2,90925,7750,10000,219250,2,1,0,10000,48,0,462000
368,4058.0441,66675,52500,4,1,2,49300,175,0,167775,3,2,0,0,36,0,244450
369,2324.5486,63850,47000,1,1,2,49950,850,0,270650,4,2,0,0,46,0,325500
370,4098.5493,128900,125000,2,2,3,79150,1000,0,548100,3,1,0,2900,42,0,657000
371,5419.8364,258000,220000,3,2,2,59600,0,0,437500,4,1,0,24000,62,0,696000
372,9225.6939,290510,240000,2,2,2,105200,8000,19500,117590,3,1,0,0,29,0,389600
373,5513.8514,210800,210000,5,2,1,90875,800,0,230475,4,2,0,0,40,0,420775
374,333.4377,365475,310000,5,2,1,75450,16500,475,621750,4,2,0,32000,34,5250,975225
375,8610.3923,55000,45000,4,1,9,83200,0,0,152500,3,1,0,0,43,0,207500
376,4225.8953,195000,190000,4,2,2,64975,5000,0,423000,4,2,0,0,38,2400,618000
377,3127.4435,191000,170000,3,2,3,67500,5000,0,94450,2,2,0,0,56,0,280450
378,162.4318,35000,35000,2,2,2,114175,0,0,1016000,4,1,0,0,39,0,1051000
379,4045.4388,61000,35000,3,3,1,95675,6500,10000,1091750,4,1,0,0,62,0,1177750
380,5567.2641,18500,18500,2,2,1,61700,0,0,613350,3,2,0,0,56,0,631850
381,6465.0052,193650,185000,3,2,1,76900,1900,0,289475,2,1,0,6750,33,7000,447125
382,4484.5144,123000,62500,5,3,3,193800,8500,20000,1263775,3,1,0,32000,55,18000,1386775
383,5647.8967,158550,150000,2,0,1,13825,1550,0,242050,4,2,0,0,49,0,400600
384,6110.1517,156750,125000,5,2,3,46500,10000,0,242500,2,2,0,15000,35,0,393000
385,3209.2092,75000,60000,4,2,1,64400,0,0,107650,3,2,0,0,37,6750,182650
386,5210.6123,129350,125000,5,1,1,39500,1450,2900,39620,4,1,0,0,38,0,168970
387,1693.6828,147000,145000,2,1,2,34175,2000,0,55725,4,1,0,0,34,0,202725
388,183.3456,160000,160000,4,1,1,40025,0,0,1472000,4,1,0,0,46,0,1632000
389,3982.7018,209500,97500,5,3,2,97800,2000,45000,-53800,3,1,0,15000,54,0,154200
390,5979.396,222500,220000,3,2,2,84125,1050,0,388500,3,1,0,0,36,0,591000
391,3511.4424,147050,145000,2,1,1,81100,1250,0,1600175,3,2,0,800,60,0,1797225
392,6574.4507,155250,150000,2,2,1,63225,5250,0,58425,2,1,0,0,25,0,213675
393,4203.6708,16500,9500,4,2,2,119575,0,0,1034500,4,1,0,0,55,0,1076000
394,3769.2891,120250,115000,3,3,1,107900,5250,0,589350,2,1,0,0,45,0,639600
395,3209.8798,131000,110000,5,3,2,122725,0,0,425500,4,1,0,3000,43,0,526500
396,3500.712,165000,165000,5,3,1,116175,0,0,210650,3,2,0,0,51,2700,360650
397,1873.3585,81550,62500,4,2,1,53025,0,0,159125,4,1,0,17500,44,0,250675
398,188.5495,320100,280000,4,3,3,327525,3100,0,2981400,4,1,0,21000,52,12000,3301500
399,4166.7347,260000,210000,4,1,3,155000,0,0,612000,3,1,0,50000,45,0,872000
400,5623.4746,95600,18500,2,0,1,51625,3600,0,668900,4,1,0,62500,63,0,764500
401,182.6348,190000,190000,4,1,1,36800,0,0,409750,4,1,0,0,42,0,596250
402,7873.3604,375000,360000,5,1,2,52225,0,0,181500,1,1,0,0,46,0,556500
403,7998.9018,84700,82500,3,2,2,28100,2200,0,26700,2,1,0,0,21,3600,111400
404,2954.7338,185500,115000,5,3,1,72275,5000,0,265501,4,2,0,8000,37,2500,445501
405,4558.0785,327975,270000,3,0,1,11075,475,57500,44105,1,2,0,0,42,0,372080
406,262.2849,230000,230000,2,2,2,367325,0,0,2633001,2,1,0,0,54,0,2863001
407,4008.9787,70325,70000,3,1,1,31000,0,325,361425,2,2,0,0,78,0,432750
408,5529.688,132000,120000,2,2,1,72400,2000,0,104500,4,1,0,10000,27,0,225500
409,3786.2461,52500,52500,5,2,3,82950,0,0,1082250,2,1,0,0,63,0,1234750
410,5302.2834,182500,155000,2,2,2,72775,1400,9750,60000,4,2,0,16000,31,0,242500
411,233.9789,460000,310000,5,3,1,138825,0,0,444926,4,1,0,150000,55,975,904926
412,5399.8585,179850,170000,1,0,1,39100,1650,0,785650,3,2,0,450,62,0,965500
413,3482.9161,39000,39000,2,1,1,20175,0,0,60250,1,1,0,0,45,0,99250
414,3232.4198,230500,230000,5,2,1,39675,500,0,65850,2,1,0,0,41,0,296350
415,1752.7244,116500,102500,4,3,3,164225,0,0,622750,3,1,0,14000,48,0,738250
416,3155.1728,159500,150000,5,2,1,121300,9500,0,294150,3,1,0,0,43,4000,393650
417,3285.2614,124000,120000,4,3,1,94350,0,0,235500,3,1,0,0,43,0,359500
418,4167.5329,240000,240000,4,3,1,22400,0,0,234500,2,2,0,0,41,0,474500
419,6045.1082,81100,80000,1,1,9,32950,0,0,87100,2,2,0,0,54,0,168200
420,3750.2009,242100,240000,2,1,2,61475,0,0,197000,4,1,0,2100,26,0,439100
421,5168.315,173600,155000,5,3,3,44125,2100,16500,195400,4,1,0,0,44,0,369000
422,3785.2142,208100,180000,2,2,3,71100,0,0,317400,2,2,0,3100,38,0,494000
423,3698.4499,150475,150000,5,2,1,71175,475,0,294100,1,2,0,0,38,0,444575
424,1092.1077,87100,85000,2,2,3,74725,0,0,127500,3,2,0,0,35,0,188100
425,3419.0232,197900,180000,2,2,2,74275,2000,0,74950,2,1,0,2900,33,0,270600
426,4348.5719,101350,90000,2,1,1,28100,2100,0,260950,2,2,0,9250,55,0,362300
427,5762.6654,106500,97500,2,1,3,44850,1000,0,149750,4,1,0,8000,56,0,255250
428,207.0559,240000,240000,2,2,1,69625,0,0,2065500,4,1,0,0,63,0,2305500
429,5392.5331,82500,82500,4,2,9,29850,0,0,93900,2,1,0,0,36,0,159400
430,4778.5082,195000,175000,3,3,3,103025,0,0,126500,4,1,0,0,26,0,321000
431,2989.2061,185525,185000,4,2,1,75575,525,0,175475,3,2,0,0,38,0,366000
432,5909.2477,147000,130000,1,1,1,38050,0,0,75101,3,2,0,17000,62,0,224101
433,4685.8239,115100,100000,2,2,1,71150,3600,0,114200,3,2,0,11500,31,0,229400
434,172.7839,95000,95000,2,2,3,133700,0,0,714500,3,1,0,0,46,0,779500
435,2908.9566,113000,100000,3,3,1,63600,5500,2000,206475,2,2,0,5500,49,0,319475
436,6173.3035,59750,50000,4,2,3,38025,250,0,89250,2,2,0,0,35,0,149000
437,5994.3113,176550,155000,5,2,3,63325,1050,0,276450,3,1,0,17000,38,3400,430000
438,5170.1961,150900,105000,3,3,1,82125,6250,1650,379600,4,1,0,38000,63,0,521500
439,5705.7268,65300,62500,2,2,2,112775,2800,0,787450,3,1,0,0,42,0,742750
440,4699.7694,212000,140000,4,2,3,46425,6000,0,7251,3,1,0,32000,50,675,219251
441,6171.2074,343000,310000,2,2,2,96100,4000,0,77500,3,1,0,29000,29,0,416000
442,2371.9249,140000,120000,4,2,2,51675,20000,0,24000,2,1,0,0,48,0,154000
443,5491.6039,44000,43000,3,3,2,71300,1000,0,289400,1,2,0,0,52,0,333400
444,3533.061,167000,125000,4,3,2,98800,4750,8000,399400,4,2,0,5250,36,11500,556400
445,3833.8727,91500,87500,2,2,2,69275,4000,0,973400,2,1,0,0,57,0,1089900
446,190.2313,230000,130000,4,2,2,143950,0,0,1309000,4,1,0,100000,49,950,1479000
447,5236.0143,192500,140000,1,1,2,53975,0,0,435750,3,1,0,52500,42,9750,598250
448,6476.3463,95000,95000,4,2,1,120325,0,0,675000,4,2,0,0,51,0,780000
449,204.6099,227100,200000,3,2,3,112100,3100,0,1318350,4,1,0,24000,66,0,1610450
450,257.9441,300000,300000,3,2,3,223275,0,0,3675400,4,1,0,0,62,0,3975475
451,62.0499,71500,67500,2,1,2,164675,4000,0,1069500,3,1,0,0,42,0,1130500
452,6756.5673,147100,120000,5,3,1,96075,2200,0,279050,3,1,0,21000,41,0,420650
453,33.9733,500000,320000,4,3,2,200425,0,0,2866000,3,1,0,180000,45,0,3359000
454,4035.9527,371000,290000,2,1,1,115875,0,0,267501,2,1,0,40000,37,0,626501
455,5728.6116,117400,100000,4,1,2,67775,1900,0,216100,3,1,0,0,38,0,334500
456,4945.0483,321750,300000,5,2,2,38425,0,0,-17000,2,2,0,9250,24,0,304750
457,3628.494,100000,50000,4,2,1,106750,0,0,100700,2,1,0,36000,43,0,192700
458,7609.7895,73600,67500,1,1,2,40175,3100,0,111000,3,1,0,0,36,7250,181600
459,8362.0168,243000,220000,1,1,1,39375,0,0,71001,3,1,0,0,39,0,314001
460,65.4649,610000,475000,4,2,3,283975,0,0,8188000,3,1,0,135000,43,0,8799000
461,233.0311,323100,100000,5,3,3,153900,0,0,1157400,4,1,0,220000,55,0,1483000
462,4927.6068,195000,175000,1,1,1,236500,0,0,956000,4,2,0,0,37,0,1151000
463,2946.3344,86250,77500,4,3,3,103175,8750,0,1357250,3,1,0,0,44,0,1443500
464,109.9506,173550,77500,4,2,3,142625,1050,0,891850,4,1,0,0,57,0,1025400
465,21631.3919,118600,95000,1,1,1,28725,375,13500,70200,3,1,0,0,29,0,188800
466,6868.7448,190600,175000,2,2,1,99525,0,4100,109400,2,1,0,11500,32,0,300000
467,4365.4394,205000,160000,4,3,2,66175,3000,0,474425,3,1,0,25000,45,0,679425
468,3948.0396,184450,150000,3,3,1,239625,2700,0,11376700,2,1,0,24000,57,0,11561150
469,2458.6261,142250,135000,1,1,2,50625,7250,0,544050,2,2,0,0,53,0,696300
470,5470.8217,251500,240000,2,2,1,110300,0,0,514250,4,2,0,0,43,0,733750
471,6216.569,280000,280000,3,2,3,66700,0,0,80901,4,2,0,0,50,0,359301
472,4658.9788,100000,100000,2,2,1,67200,0,0,386000,3,1,0,0,38,0,486000
473,1727.2819,115600,95000,4,2,2,46775,4000,0,196900,3,1,0,14500,40,8000,312500
474,4528.9688,100250,100000,2,1,3,66350,250,0,288700,2,1,0,0,53,0,363950
475,2202.9238,158000,95000,4,3,2,85175,19000,0,1450,2,1,0,21000,41,1850,159450
476,6232.6301,43750,24000,1,1,2,41475,10500,0,351400,3,1,0,9250,60,0,375150
477,5091.6447,49000,36000,2,2,2,102475,1000,0,226650,2,1,0,0,36,3600,253650
478,4413.6055,165250,160000,3,2,1,41225,0,0,82450,4,1,0,5250,42,0,247700
479,4329.0939,34900,26000,3,2,3,68650,6000,0,340100,1,1,0,2900,50,0,362500
480,6105.7522,112000,95000,3,3,1,46150,3000,8750,143751,2,1,0,5250,53,0,255751
